metric,v1_300,v2_5k
n_in_scope,30,30
n_out_of_scope,20,20
out_of_scope_refusal_rate,1.0,1.0
in_scope_answer_rate,0.9333,0.9333
no_evidence_for_claim_rate_in_scope,0.0333,0.0667
answered_low_confidence_rate_in_scope,0.1,0.0333
groundedness_overall,0.8118,0.8488
groundedness_evidence_only,0.7527,0.8439
groundedness_background_only,0.0591,0.0049
total_sentences,186,205
unsupported_sentences,35,31
total_contradictions_detected,0,4
truncated_responses,0,0
mean_latency_ms_out_of_scope,100.56,157.89
mean_latency_ms_generated_total,20253.49,27676.36
mean_input_tokens,7775.76,5627
mean_output_tokens,2077.31,2869.93
errors,0,0
