floor,in_scope_answer_rate,in_scope_answered_count,in_scope_total,out_of_scope_refusal_rate,out_of_scope_refused_count,out_of_scope_total
0.2,1.0,30,30,1.0,20,20
0.21,1.0,30,30,1.0,20,20
0.22,1.0,30,30,1.0,20,20
0.23,1.0,30,30,1.0,20,20
0.24,1.0,30,30,1.0,20,20
0.25,1.0,30,30,1.0,20,20
0.26,1.0,30,30,1.0,20,20
0.27,1.0,30,30,1.0,20,20
0.28,1.0,30,30,1.0,20,20
0.29,1.0,30,30,1.0,20,20
0.3,1.0,30,30,1.0,20,20
0.31,1.0,30,30,1.0,20,20
0.32,1.0,30,30,1.0,20,20
0.33,1.0,30,30,1.0,20,20
0.34,1.0,30,30,1.0,20,20
0.35,1.0,30,30,1.0,20,20
0.36,1.0,30,30,1.0,20,20
0.37,1.0,30,30,1.0,20,20
0.38,1.0,30,30,1.0,20,20
0.39,1.0,30,30,1.0,20,20
0.4,1.0,30,30,1.0,20,20
0.41,1.0,30,30,1.0,20,20
0.42,1.0,30,30,1.0,20,20
0.43,1.0,30,30,1.0,20,20
0.44,1.0,30,30,1.0,20,20
0.45,1.0,30,30,1.0,20,20
0.46,1.0,30,30,1.0,20,20
0.47,1.0,30,30,1.0,20,20
0.48,1.0,30,30,1.0,20,20
0.49,1.0,30,30,1.0,20,20
0.5,1.0,30,30,1.0,20,20
0.51,1.0,30,30,1.0,20,20
0.52,1.0,30,30,1.0,20,20
0.53,1.0,30,30,1.0,20,20
0.54,1.0,30,30,1.0,20,20
0.55,1.0,30,30,1.0,20,20
0.56,1.0,30,30,1.0,20,20
0.57,1.0,30,30,1.0,20,20
0.58,1.0,30,30,1.0,20,20
0.59,1.0,30,30,1.0,20,20
0.6,1.0,30,30,1.0,20,20
